[
  {
    "key": "bassist vocalise wrung execrate",
    "value": 887
  },
  {
    "key": "mugger infarct prosaic linking",
    "value": 40
  },
  {
    "key": "neophyte soppy natality afforest",
    "value": 895
  },
  {
    "key": "diver bedcover woolfell durbar",
    "value": 14
  },
  {
    "key": "shippen manicure vin wasting",
    "value": 2
  },
  {
    "key": "curiae coition mistress slipover",
    "value": 2
  },
  {
    "key": "hadst blowout therm phase",
    "value": 2
  },
  {
    "key": "speiss caloyer batwing legman",
    "value": 495
  },
  {
    "key": "amitosis sirup digress saunter",
    "value": 838
  },
  {
    "key": "deformed gerbil abradant pursuer",
    "value": 3
  },
  {
    "key": "parament wamble dollop oboe",
    "value": 7
  },
  {
    "key": "peptide casque hall trivia",
    "value": 8
  },
  {
    "key": "subway saving scenic anodyne",
    "value": 2
  },
  {
    "key": "expense typical gyral conclave",
    "value": 7
  },
  {
    "key": "syndetic prosaism unreel sheepdog",
    "value": 5
  },
  {
    "key": "smarten trouveur cutis satirize",
    "value": 7
  },
  {
    "key": "develop spend crural inflame",
    "value": 6
  },
  {
    "key": "entreaty tubby borehole result",
    "value": 6
  },
  {
    "key": "ocrea mechanic riotous cerulean",
    "value": 3
  },
  {
    "key": "unblock scroll mauve let",
    "value": 3
  },
  {
    "key": "ixia dirge gauger toot",
    "value": 2
  },
  {
    "key": "nickel grange obdurate aphotic",
    "value": 2
  },
  {
    "key": "submerge motmot treatise galling",
    "value": 2
  },
  {
    "key": "acicula sorcery fallout widely",
    "value": 2
  },
  {
    "key": "gaudy shirt scilicet cuddle",
    "value": 10
  },
  {
    "key": "foredo holdover revive threat",
    "value": 5
  },
  {
    "key": "cowling charter rhizome cholent",
    "value": 2
  },
  {
    "key": "sniper corpora murine poco",
    "value": 2
  },
  {
    "key": "format intend rancho saran",
    "value": 2
  },
  {
    "key": "jerry punnet adopted nearby",
    "value": 7
  },
  {
    "key": "leafage peddle fretted gravity",
    "value": 8
  },
  {
    "key": "swart urbane coccyx match",
    "value": 2
  },
  {
    "key": "fuss tut claiming agile",
    "value": 2
  },
  {
    "key": "borsch wingback thumb footworn",
    "value": 5
  },
  {
    "key": "access taut cube cortege",
    "value": 4
  },
  {
    "key": "baddie outspeak sejant ether",
    "value": 2
  },
  {
    "key": "quantize empanel guru satinet",
    "value": 6
  },
  {
    "key": "fee seducer peeve misdoubt",
    "value": 27
  },
  {
    "key": "washing pacific up detailed",
    "value": 7
  },
  {
    "key": "ostiole beehive cascabel agency",
    "value": 5
  },
  {
    "key": "describe bobwhite carving unite",
    "value": 4
  },
  {
    "key": "illicit masked lappet hoarding",
    "value": 2
  },
  {
    "key": "frump bottom throttle gleeman",
    "value": 2
  },
  {
    "key": "forepart sabre stagger pilau",
    "value": 2
  },
  {
    "key": "tannin trypsin revisory pedicab",
    "value": 2
  },
  {
    "key": "likable religion civil degauss",
    "value": 4
  },
  {
    "key": "entirety procaine alienism duress",
    "value": 770
  },
  {
    "key": "murphy hilt octoroon allay",
    "value": 753
  },
  {
    "key": "taffrail divagate dramatic mattress",
    "value": 28
  },
  {
    "key": "charr ammonal strath lacework",
    "value": 35
  },
  {
    "key": "buran plank youthful scrawl",
    "value": 1048
  },
  {
    "key": "whoops hazel mil copalm",
    "value": 33
  },
  {
    "key": "acuate corpsman shelled halo",
    "value": 498
  },
  {
    "key": "phi mishear stone neath",
    "value": 59
  },
  {
    "key": "jury centuple fleshly smug",
    "value": 13
  },
  {
    "key": "lithic squirm ladylove porphyry",
    "value": 357
  },
  {
    "key": "coat shallop catalpa dimple",
    "value": 927
  },
  {
    "key": "gabelle yacht frill instance",
    "value": 72
  },
  {
    "key": "duress prithee phatic kibe",
    "value": 21
  },
  {
    "key": "stannary jiggle foothold epicycle",
    "value": 2
  },
  {
    "key": "teenager lodging hotspur fickle",
    "value": 55
  },
  {
    "key": "edifice motorcar luck guenon",
    "value": 2
  },
  {
    "key": "emirate bosk cell spry",
    "value": 2
  },
  {
    "key": "revival evanesce alarmist fire",
    "value": 2
  },
  {
    "key": "hoodlum eldest lysine burke",
    "value": 2
  },
  {
    "key": "ruthless leister evince know",
    "value": 459
  },
  {
    "key": "fable labor zipper mm",
    "value": 1019
  },
  {
    "key": "coaler columnar divisor aculeus",
    "value": 836
  },
  {
    "key": "bicker lacteal savage trine",
    "value": 1180
  },
  {
    "key": "bound jocose snooty masthead",
    "value": 489
  },
  {
    "key": "locoism nympho division crowded",
    "value": 321
  },
  {
    "key": "assassin kendo magnum probity",
    "value": 519
  },
  {
    "key": "chore stereo instate myopia",
    "value": 672
  },
  {
    "key": "jury forby bellied titanite",
    "value": 680
  },
  {
    "key": "breviary clothier insipid valine",
    "value": 672
  },
  {
    "key": "feeble stud neonatal stalwart",
    "value": 673
  },
  {
    "key": "jab flange cheery taco",
    "value": 676
  },
  {
    "key": "fermion frazzled karyotin tenia",
    "value": 676
  },
  {
    "key": "arcature gloriole attack defrost",
    "value": 677
  },
  {
    "key": "whoreson pullet clang bowleg",
    "value": 687
  },
  {
    "key": "brunt clypeate garotte gravity",
    "value": 677
  },
  {
    "key": "lemma ganglion wither quagmire",
    "value": 675
  },
  {
    "key": "consols pharisee lentigo belly",
    "value": 674
  },
  {
    "key": "brisling baler sloppy shopping",
    "value": 681
  },
  {
    "key": "fill batiste steel huffish",
    "value": 2
  },
  {
    "key": "ruth bottoms logbook caudate",
    "value": 677
  },
  {
    "key": "algebra bandy stibnite notation",
    "value": 334
  },
  {
    "key": "floaty llama thatch ariel",
    "value": 1177
  },
  {
    "key": "televise secondly cosmism nuptial",
    "value": 674
  },
  {
    "key": "drawl stall redtop uphill",
    "value": 336
  },
  {
    "key": "pochard between guttle swaddle",
    "value": 334
  },
  {
    "key": "gratin mutation napoleon fleck",
    "value": 336
  },
  {
    "key": "cutis lamella anxious skullcap",
    "value": 336
  },
  {
    "key": "fervor kakapo impend dubious",
    "value": 675
  },
  {
    "key": "hothouse feculent cupreous cabaret",
    "value": 845
  },
  {
    "key": "banana hold failing besom",
    "value": 334
  },
  {
    "key": "tinnitus lookout mandamus limner",
    "value": 843
  },
  {
    "key": "cantor bream pareu economy",
    "value": 334
  },
  {
    "key": "panty jacal whip passion",
    "value": 677
  },
  {
    "key": "strep bestial fancier cuticula",
    "value": 26
  },
  {
    "key": "hyaloid date unkenned spud",
    "value": 31
  },
  {
    "key": "flax akee alter pedicure",
    "value": 24
  },
  {
    "key": "dizen drum buss tramp",
    "value": 482
  },
  {
    "key": "weirdo lar gnosis courses",
    "value": 178
  },
  {
    "key": "now eight forborne costumer",
    "value": 30
  },
  {
    "key": "bookie costa foehn pooh",
    "value": 508
  },
  {
    "key": "away cowpox mortise headless",
    "value": 12
  },
  {
    "key": "swab crown doings mimosa",
    "value": 2
  },
  {
    "key": "venetian arrest chamfron politick",
    "value": 26
  },
  {
    "key": "torpid indue hormonal uphill",
    "value": 2
  },
  {
    "key": "kulak repulse ingrown peltry",
    "value": 23
  },
  {
    "key": "previse abampere period tagmemic",
    "value": 2
  },
  {
    "key": "shadowy whirl windward loot",
    "value": 16
  },
  {
    "key": "citrate foal aurist mesial",
    "value": 490
  },
  {
    "key": "geisha bosom squander hokku",
    "value": 80
  },
  {
    "key": "streaky doura tigress sauna",
    "value": 21
  },
  {
    "key": "triptych lapidary playboy triangle",
    "value": 34
  },
  {
    "key": "lancer doorstop vaporize ganister",
    "value": 125
  },
  {
    "key": "farriery predial parterre spark",
    "value": 10
  },
  {
    "key": "hydropic paperboy sheikdom tutorial",
    "value": 21
  },
  {
    "key": "shingly polenta wheaten beldam",
    "value": 24
  },
  {
    "key": "portiere rite actinon sly",
    "value": 387
  },
  {
    "key": "eruct bogey tenaille benefice",
    "value": 386
  },
  {
    "key": "untie aptitude tribunal graph",
    "value": 504
  },
  {
    "key": "bracing autarchy ternate exsect",
    "value": 503
  },
  {
    "key": "haar weaken continue unsure",
    "value": 498
  },
  {
    "key": "piggy moult aspirate parquet",
    "value": 470
  },
  {
    "key": "heist ocreate ambsace scutter",
    "value": 501
  },
  {
    "key": "cod corium stagey vignette",
    "value": 39
  },
  {
    "key": "ermine glans peony anvil",
    "value": 2
  },
  {
    "key": "consols refinery burg windage",
    "value": 379
  },
  {
    "key": "drivel agio mandible precess",
    "value": 30
  },
  {
    "key": "lathe scofflaw castle enclave",
    "value": 14
  },
  {
    "key": "barge isoline dihedron anlage",
    "value": 2
  },
  {
    "key": "khanate xanthin basis airdrome",
    "value": 1489
  },
  {
    "key": "outwear skeg have calcine",
    "value": 836
  },
  {
    "key": "rhapsody simply tamandua giant",
    "value": 79
  },
  {
    "key": "loaded irritate thing festal",
    "value": 46
  },
  {
    "key": "hunt assess barbaric flare",
    "value": 2
  },
  {
    "key": "fatally furl marasca covering",
    "value": 2
  },
  {
    "key": "bairn allonge spree tankard",
    "value": 34
  },
  {
    "key": "blintz rapper tressure keg",
    "value": 38
  },
  {
    "key": "opaline peewit pyrosis conduct",
    "value": 2
  },
  {
    "key": "group fleam forspent guide",
    "value": 5
  },
  {
    "key": "sparing postdate gorgeous admiral",
    "value": 2
  },
  {
    "key": "dilate nelson stoma trinal",
    "value": 2
  },
  {
    "key": "daytime signor sneer viscount",
    "value": 23
  },
  {
    "key": "comitia linesman tetany amnion",
    "value": 21
  },
  {
    "key": "pekan drunkard iodine emmet",
    "value": 334
  },
  {
    "key": "volcano track gook decrepit",
    "value": 334
  },
  {
    "key": "estrin motivity pagurian avens",
    "value": 334
  },
  {
    "key": "funded clue evacuate spillway",
    "value": 334
  },
  {
    "key": "much prorate haycock staves",
    "value": 334
  },
  {
    "key": "bucksaw obturate flagpole indoxyl",
    "value": 334
  },
  {
    "key": "trace sobriety shashlik fuzzy",
    "value": 334
  },
  {
    "key": "vaunt bennet jackal manhunt",
    "value": 334
  },
  {
    "key": "grizzled aft debase bolo",
    "value": 334
  },
  {
    "key": "mince retrench ringdove cleome",
    "value": 334
  },
  {
    "key": "lanneret superadd shoot rapport",
    "value": 334
  },
  {
    "key": "lineal maritime staying morse",
    "value": 334
  },
  {
    "key": "smoker copperas basking itchy",
    "value": 28
  },
  {
    "key": "shingle jackleg nib venose",
    "value": 157
  },
  {
    "key": "elicit redolent osier dietary",
    "value": 4
  },
  {
    "key": "devisor claim fustic rakish",
    "value": 4
  },
  {
    "key": "occident avenue agency amen",
    "value": 2
  },
  {
    "key": "scion special oyez orrery",
    "value": 188
  },
  {
    "key": "baobab chukker titania software",
    "value": 20
  },
  {
    "key": "fusion puttee uncinate not",
    "value": 15
  },
  {
    "key": "fives agave yarn parting",
    "value": 15
  },
  {
    "key": "crown pilchard gapped mush",
    "value": 2
  },
  {
    "key": "prudish mule ingoing whimsey",
    "value": 2
  },
  {
    "key": "kisser caseose widen fleawort",
    "value": 420
  },
  {
    "key": "bearded scaup lockout lemon",
    "value": 424
  },
  {
    "key": "orgulous wither sacred disunite",
    "value": 157
  },
  {
    "key": "rubbing ere tacket puny",
    "value": 391
  },
  {
    "key": "midriff yashmak suspend mirror",
    "value": 28
  },
  {
    "key": "rapport medial astral tile",
    "value": 197
  },
  {
    "key": "rig logo deadbeat hamster",
    "value": 500
  },
  {
    "key": "nursling purpura ormolu vein",
    "value": 360
  },
  {
    "key": "conte bricole havoc exorcism",
    "value": 375
  },
  {
    "key": "anyway tactual ratal agora",
    "value": 322
  },
  {
    "key": "ungainly booklet novelist carpet",
    "value": 15
  },
  {
    "key": "bidarka durbar locule hornwort",
    "value": 2
  },
  {
    "key": "palestra nerve odeum alchemy",
    "value": 56
  },
  {
    "key": "staff covet axilla signpost",
    "value": 52
  },
  {
    "key": "restrain reposit malefic whistler",
    "value": 241
  },
  {
    "key": "maihem anele snake festival",
    "value": 49
  },
  {
    "key": "whittle debunk abfarad dystopia",
    "value": 402
  },
  {
    "key": "advanced amuse salify diazine",
    "value": 66
  },
  {
    "key": "reseat figurant sumac rind",
    "value": 9
  },
  {
    "key": "spline whore paraph accursed",
    "value": 504
  },
  {
    "key": "thrash trailing ibex shush",
    "value": 506
  },
  {
    "key": "pastern so lobbyist jugular",
    "value": 501
  },
  {
    "key": "gauge rattling gorilla textile",
    "value": 505
  },
  {
    "key": "anapest hieratic work annulose",
    "value": 385
  },
  {
    "key": "out enounce sawyer outsole",
    "value": 28
  },
  {
    "key": "pertain credence stammer sennet",
    "value": 28
  },
  {
    "key": "gynecic coccus sieve zaibatsu",
    "value": 36
  },
  {
    "key": "spire snick laddie motion",
    "value": 42
  },
  {
    "key": "quinsy foveola memento sleekit",
    "value": 58
  },
  {
    "key": "analemma clouded restate cheque",
    "value": 495
  },
  {
    "key": "bomber aryl eau groping",
    "value": 117
  },
  {
    "key": "cowberry gnome ancient firing",
    "value": 41
  },
  {
    "key": "antilog oryx assassin lapwing",
    "value": 4
  },
  {
    "key": "dray radicle unbroken dell",
    "value": 14
  },
  {
    "key": "comic blame pic pollen",
    "value": 28
  },
  {
    "key": "heroin mort collapse maverick",
    "value": 430
  },
  {
    "key": "strait momentum sports wearable",
    "value": 4
  },
  {
    "key": "aye joule crystal velar",
    "value": 14
  },
  {
    "key": "outcrop allied naphthyl peddle",
    "value": 44
  },
  {
    "key": "hippy deme skysail mettle",
    "value": 18
  },
  {
    "key": "foment lunatic swirl faraway",
    "value": 84
  },
  {
    "key": "pion giblets frizzly retake",
    "value": 25
  },
  {
    "key": "neutral critter prowess vermin",
    "value": 40
  },
  {
    "key": "denture burgage estrus koa",
    "value": 2
  },
  {
    "key": "polling confine kat shashlik",
    "value": 2
  },
  {
    "key": "shroud trunk bastion prandial",
    "value": 234
  },
  {
    "key": "sap claver amenity marcher",
    "value": 28
  },
  {
    "key": "sauterne wide cleaver fowl",
    "value": 10
  },
  {
    "key": "bedding quirt helping barrio",
    "value": 375
  },
  {
    "key": "inexpert manage leaven decided",
    "value": 597
  },
  {
    "key": "linkman wolf thespian harness",
    "value": 2
  },
  {
    "key": "impress seta cutis whimsy",
    "value": 10
  },
  {
    "key": "possess muticous insanity curacy",
    "value": 25
  },
  {
    "key": "coquet clink frizzle filum",
    "value": 425
  },
  {
    "key": "priggish auto callus fitter",
    "value": 14
  },
  {
    "key": "skiplane hagfish speech fulcrum",
    "value": 2
  },
  {
    "key": "sung roue diarchy burl",
    "value": 184
  },
  {
    "key": "rapine windbag fewness apace",
    "value": 196
  },
  {
    "key": "hayward coating frenulum druid",
    "value": 1561
  },
  {
    "key": "exoteric nap vidette hast",
    "value": 8
  },
  {
    "key": "tilde combine diphenyl bulbul",
    "value": 21
  },
  {
    "key": "upland sloppy formal garrote",
    "value": 845
  },
  {
    "key": "seaman twit stopover fantom",
    "value": 195
  },
  {
    "key": "discard defraud froufrou conchoid",
    "value": 338
  },
  {
    "key": "placid basilisk hakim verecund",
    "value": 840
  },
  {
    "key": "repp bott weakling baize",
    "value": 1471
  },
  {
    "key": "bosk giblets kerchief imaret",
    "value": 280
  },
  {
    "key": "conidium inchoate yeanling haplite",
    "value": 35
  },
  {
    "key": "ament vedette cutch ionize",
    "value": 932
  },
  {
    "key": "mailer embowed sirree hosiery",
    "value": 30
  },
  {
    "key": "soar typhoid six certify",
    "value": 385
  },
  {
    "key": "fledge mage axle amongst",
    "value": 18
  },
  {
    "key": "approve taxicab longish overtly",
    "value": 1041
  },
  {
    "key": "groyne bear hards hilarity",
    "value": 670
  },
  {
    "key": "clinker degas meddle punish",
    "value": 560
  },
  {
    "key": "morpheme affine hotfoot phyla",
    "value": 3
  },
  {
    "key": "firelock thyrse boiler chervil",
    "value": 22
  },
  {
    "key": "rundle trimaran fanciful holp",
    "value": 507
  },
  {
    "key": "dwarf wormhole hombre nailhead",
    "value": 1020
  },
  {
    "key": "bulky triplex colossus bailment",
    "value": 501
  },
  {
    "key": "aneurin cooncan gossip untwine",
    "value": 334
  },
  {
    "key": "socage briony ikebana tract",
    "value": 18
  },
  {
    "key": "curricle disguise though ribbon",
    "value": 33
  },
  {
    "key": "plonk calyces quiche kingdom",
    "value": 840
  },
  {
    "key": "datary nappy generate evil",
    "value": 835
  },
  {
    "key": "social fracas haut neckwear",
    "value": 23
  },
  {
    "key": "cartel homely ululant pegboard",
    "value": 230
  },
  {
    "key": "podiatry bear misusage exertion",
    "value": 260
  },
  {
    "key": "trot fed wheeled supreme",
    "value": 667
  },
  {
    "key": "cycle timer trick gasser",
    "value": 557
  },
  {
    "key": "outdoors forint bean byssus",
    "value": 74
  },
  {
    "key": "immature squares weighty quota",
    "value": 251
  },
  {
    "key": "deicer mamey hoopla bowshot",
    "value": 397
  },
  {
    "key": "vector venture otto fourth",
    "value": 131
  },
  {
    "key": "rubbing sneak seamy azon",
    "value": 502
  },
  {
    "key": "skyward creeping silent whimper",
    "value": 505
  },
  {
    "key": "ringer reversal chug carrying",
    "value": 503
  },
  {
    "key": "wafture codon heading ripen",
    "value": 29
  },
  {
    "key": "thankful froe foxtail weigela",
    "value": 165
  },
  {
    "key": "calcium listing lopsided gusher",
    "value": 114
  },
  {
    "key": "carry divan gusty supernal",
    "value": 10
  },
  {
    "key": "celibate seventh machree cushion",
    "value": 335
  },
  {
    "key": "suzerain tenpins nicknack faro",
    "value": 197
  },
  {
    "key": "stalag clough bats smith",
    "value": 36
  },
  {
    "key": "trip corn bustle genitor",
    "value": 110
  },
  {
    "key": "teen immersed seaway sylvite",
    "value": 8
  },
  {
    "key": "remove entreaty almighty brasilin",
    "value": 3
  },
  {
    "key": "issuable crowd bobbin bomb",
    "value": 88
  },
  {
    "key": "pulley maffick trull bronchi",
    "value": 21
  },
  {
    "key": "suboxide terminal rutile harm",
    "value": 214
  },
  {
    "key": "minimum pitiless radix peewit",
    "value": 341
  },
  {
    "key": "beach referred neutrino potency",
    "value": 678
  },
  {
    "key": "nu nom photopia dead",
    "value": 545
  },
  {
    "key": "chatter bushbuck jinks fleshy",
    "value": 504
  },
  {
    "key": "dovekie nummary distil triumph",
    "value": 4
  },
  {
    "key": "piscator dulcinea kelp carotene",
    "value": 290
  },
  {
    "key": "sweven gunpaper melanite iceboat",
    "value": 503
  },
  {
    "key": "courtly accrual speedway geste",
    "value": 504
  },
  {
    "key": "calla disseise nerves simplism",
    "value": 503
  },
  {
    "key": "misfile wight kept aloud",
    "value": 502
  },
  {
    "key": "misplay hospital coyote devisee",
    "value": 499
  },
  {
    "key": "blab enact yttria chore",
    "value": 493
  },
  {
    "key": "bestrew plicate evection outwork",
    "value": 499
  },
  {
    "key": "unbated yippie or deist",
    "value": 501
  },
  {
    "key": "branks fuze impunity vesica",
    "value": 504
  },
  {
    "key": "carioca petty lodging goose",
    "value": 503
  },
  {
    "key": "mousy cosy suture plebe",
    "value": 502
  },
  {
    "key": "unhand always assuming slope",
    "value": 3
  },
  {
    "key": "skewness curet silence predict",
    "value": 141
  },
  {
    "key": "exacting rice suttee titrate",
    "value": 500
  },
  {
    "key": "chignon gullet draff sequitur",
    "value": 503
  },
  {
    "key": "bumf martini purine crumhorn",
    "value": 563
  },
  {
    "key": "myriapod cure apomixis producer",
    "value": 40
  },
  {
    "key": "pinguid musty longways prayer",
    "value": 38
  },
  {
    "key": "wizen soricine gonfalon piddle",
    "value": 38
  },
  {
    "key": "popinjay croaker hyaloid deictic",
    "value": 38
  },
  {
    "key": "slipover ti collop nobility",
    "value": 39
  },
  {
    "key": "redbird faller protium kestrel",
    "value": 503
  },
  {
    "key": "domain gravid intone sawmill",
    "value": 42
  },
  {
    "key": "trumpet index unclothe gneiss",
    "value": 1488
  },
  {
    "key": "pion conclave dona beneath",
    "value": 18
  },
  {
    "key": "aft quilt claver picket",
    "value": 543
  },
  {
    "key": "scabies ichor loath rayon",
    "value": 201
  },
  {
    "key": "calyx ordinal congou pentode",
    "value": 15
  },
  {
    "key": "chump felid german flourish",
    "value": 367
  },
  {
    "key": "holiday tiffin bugbane amused",
    "value": 204
  },
  {
    "key": "pace beano ambit sept",
    "value": 269
  },
  {
    "key": "yard liegeman indicant morion",
    "value": 2
  },
  {
    "key": "salmi thresh corn sot",
    "value": 15
  },
  {
    "key": "agitato arkose dabchick acidify",
    "value": 46
  },
  {
    "key": "cudbear carotid incubate trump",
    "value": 1020
  },
  {
    "key": "alexin cablet doorjamb accuse",
    "value": 501
  },
  {
    "key": "bicorn trinket chirk forgive",
    "value": 501
  },
  {
    "key": "crannog gracile gabby pharos",
    "value": 21
  },
  {
    "key": "embalm anosmia vantage penult",
    "value": 306
  },
  {
    "key": "sleave bregma roar jeu",
    "value": 503
  },
  {
    "key": "strumpet hawse elflock muss",
    "value": 502
  },
  {
    "key": "inhalant ferine pithy sandbox",
    "value": 485
  },
  {
    "key": "coff ablaze stern gnathion",
    "value": 4
  },
  {
    "key": "hookup creative whimsy euonymus",
    "value": 3
  },
  {
    "key": "vogue humidify tsarina ukulele",
    "value": 3
  },
  {
    "key": "halting luetic efface implead",
    "value": 4
  },
  {
    "key": "multure chute suiting nervine",
    "value": 3
  },
  {
    "key": "gadoid nebulose gravamen signal",
    "value": 503
  },
  {
    "key": "slipknot hopeless tucker dramatic",
    "value": 366
  },
  {
    "key": "gin acre yield digger",
    "value": 164
  },
  {
    "key": "terete kalends polled cursor",
    "value": 86
  },
  {
    "key": "choragus wayward jowl tod",
    "value": 66
  },
  {
    "key": "moony aardwolf glade grapple",
    "value": 52
  },
  {
    "key": "ratter gadoid bumper suspend",
    "value": 2
  },
  {
    "key": "cutty hug exigible clot",
    "value": 2
  },
  {
    "key": "cachet kosher cook response",
    "value": 325
  },
  {
    "key": "glacier maudlin vintner inoculum",
    "value": 730
  },
  {
    "key": "given postal visually anger",
    "value": 300
  },
  {
    "key": "teamster pulvinus forgat variola",
    "value": 413
  },
  {
    "key": "arctic console oxtail gremlin",
    "value": 197
  },
  {
    "key": "effluent workroom wahoo solidary",
    "value": 530
  },
  {
    "key": "quackery brand outstrip noose",
    "value": 94
  },
  {
    "key": "primal ora gagman launce",
    "value": 398
  },
  {
    "key": "gorgerin whatnot plicate aerostat",
    "value": 288
  },
  {
    "key": "newborn falsify prunelle hexad",
    "value": 540
  },
  {
    "key": "crosier lamia kris dibs",
    "value": 217
  },
  {
    "key": "bale pome blameful climbing",
    "value": 164
  },
  {
    "key": "whinchat cheque wiry calamite",
    "value": 484
  },
  {
    "key": "director redroot instar misnomer",
    "value": 140
  },
  {
    "key": "hunter loth affluent sales",
    "value": 504
  },
  {
    "key": "tetchy beatify festoon homonym",
    "value": 1167
  },
  {
    "key": "offend transfer kingship postcard",
    "value": 2
  },
  {
    "key": "coquille antigen surfboat fictive",
    "value": 2
  },
  {
    "key": "foppish hag fineable hematite",
    "value": 168
  },
  {
    "key": "boxer cursed recap wary",
    "value": 29
  },
  {
    "key": "piddling peg opinion ago",
    "value": 2352
  },
  {
    "key": "cahoot silica remise icefall",
    "value": 320
  },
  {
    "key": "caird chrome dilatory arbitral",
    "value": 504
  },
  {
    "key": "bonus mailbox gimmick demy",
    "value": 507
  },
  {
    "key": "tier faceless moiety wildwood",
    "value": 369
  },
  {
    "key": "rapeseed gurgle euphuism meninges",
    "value": 294
  },
  {
    "key": "reseda sol sponger songful",
    "value": 14
  },
  {
    "key": "remorse overcoat trotter crore",
    "value": 12
  },
  {
    "key": "pedicure ophidian momentum silica",
    "value": 529
  },
  {
    "key": "aliment rachis cocksure tacit",
    "value": 501
  },
  {
    "key": "panoptic stalky spelter wealth",
    "value": 679
  },
  {
    "key": "guile gamba taper monies",
    "value": 329
  },
  {
    "key": "upwind lancers thuya gross",
    "value": 2
  },
  {
    "key": "suttee knightly preface purity",
    "value": 501
  },
  {
    "key": "gumboil feral drink ashen",
    "value": 532
  },
  {
    "key": "hetman peppery forked worst",
    "value": 457
  },
  {
    "key": "wildfowl gauntry deter scilla",
    "value": 3
  },
  {
    "key": "floppy ash overhead sickroom",
    "value": 1104
  },
  {
    "key": "sporadic much eversion stinko",
    "value": 336
  },
  {
    "key": "jeweler prorate diazole untwist",
    "value": 675
  },
  {
    "key": "worsen screamer drilling prosody",
    "value": 501
  },
  {
    "key": "beriberi trifocal islander gnostic",
    "value": 269
  },
  {
    "key": "repel cherry frag alary",
    "value": 11
  },
  {
    "key": "shank yolk emblem dey",
    "value": 15
  },
  {
    "key": "leghorn kiloton ailment dumpy",
    "value": 4
  },
  {
    "key": "shooter remnant contempt crunch",
    "value": 375
  },
  {
    "key": "impinge trap shone starter",
    "value": 341
  },
  {
    "key": "barnyard tally wintery harmless",
    "value": 1053
  },
  {
    "key": "rampant scolex mugwump quail",
    "value": 18
  },
  {
    "key": "haruspex vocalism medal enow",
    "value": 289
  },
  {
    "key": "serai eudemon academic eidetic",
    "value": 503
  },
  {
    "key": "yeanling ubiety aloof perdure",
    "value": 505
  },
  {
    "key": "antipole disinter rakish ivories",
    "value": 504
  },
  {
    "key": "arachnid uredium fruiter highball",
    "value": 504
  },
  {
    "key": "hatching sloshy boltonia gnosis",
    "value": 825
  },
  {
    "key": "cool aborning goulash scouting",
    "value": 675
  },
  {
    "key": "cryogen hexyl beef playbill",
    "value": 503
  },
  {
    "key": "loony pleurisy suck netsuke",
    "value": 665
  },
  {
    "key": "alloy cockney labret anole",
    "value": 497
  },
  {
    "key": "retable tantivy rover grade",
    "value": 500
  },
  {
    "key": "burlap arillode avenue trow",
    "value": 502
  },
  {
    "key": "rounded lotion bibber scribble",
    "value": 773
  },
  {
    "key": "testudo tepid penitent grandson",
    "value": 312
  },
  {
    "key": "topmast weanling cello panda",
    "value": 322
  },
  {
    "key": "crusade unrest panfish caruncle",
    "value": 414
  },
  {
    "key": "unhappy ailing catenate rubidium",
    "value": 18
  },
  {
    "key": "chemism filmy shape fever",
    "value": 4
  },
  {
    "key": "gnarly smutty outgoing came",
    "value": 326
  },
  {
    "key": "fruition tubule prate graphics",
    "value": 6
  },
  {
    "key": "darkish fizz ruthless wistful",
    "value": 14
  },
  {
    "key": "blond shampoo burgle whaler",
    "value": 13
  },
  {
    "key": "dryad diatonic aplasia beggary",
    "value": 501
  },
  {
    "key": "frog gesso boom baste",
    "value": 6
  },
  {
    "key": "narrow emplane obstacle lone",
    "value": 6
  },
  {
    "key": "lastly spigot camise lump",
    "value": 5
  },
  {
    "key": "vesta sax brier somite",
    "value": 2
  },
  {
    "key": "sapota cache abalone fragrant",
    "value": 4
  },
  {
    "key": "pretend englut bob oasis",
    "value": 5
  },
  {
    "key": "not acedia orts zany",
    "value": 8
  },
  {
    "key": "pair should makefast pervious",
    "value": 27
  },
  {
    "key": "yule modeling enroot simoom",
    "value": 6
  },
  {
    "key": "dor pedicel commend circa",
    "value": 14
  },
  {
    "key": "dignity time thrower locum",
    "value": 6
  },
  {
    "key": "franc diner sacral chancy",
    "value": 9
  },
  {
    "key": "comate rigorism peignoir vender",
    "value": 4
  },
  {
    "key": "nawab fauna coquito protease",
    "value": 4
  },
  {
    "key": "chord trinal inhale muddler",
    "value": 2
  },
  {
    "key": "tax suffix lengthen bedlam",
    "value": 4
  },
  {
    "key": "midrib minium looming braunite",
    "value": 2
  },
  {
    "key": "snipe pillage drug hydranth",
    "value": 2
  },
  {
    "key": "suboxide wriggly armhole bricky",
    "value": 6
  },
  {
    "key": "capable boiler yaw koto",
    "value": 2
  },
  {
    "key": "history tithing footing headache",
    "value": 2
  },
  {
    "key": "sobriety nuance tumid corves",
    "value": 503
  },
  {
    "key": "lacewing recede baguette deckle",
    "value": 503
  },
  {
    "key": "starve loyalty ankh foul",
    "value": 26
  },
  {
    "key": "scabious gallery cannular facer",
    "value": 503
  },
  {
    "key": "crackle pinnate familiar sprang",
    "value": 496
  },
  {
    "key": "cross gride dancers caper",
    "value": 2
  },
  {
    "key": "burial henna antiphon annatto",
    "value": 14
  },
  {
    "key": "waxwork topfull balata bumper",
    "value": 2
  },
  {
    "key": "enamour inure riverine operatic",
    "value": 1393
  },
  {
    "key": "borate crucial glitter atom",
    "value": 1229
  },
  {
    "key": "halfbeak trotting cackle stout",
    "value": 854
  },
  {
    "key": "bankroll bloke phony mess",
    "value": 1226
  },
  {
    "key": "mouldy gap jargon redroot",
    "value": 72
  },
  {
    "key": "geisha titrant cascade corned",
    "value": 8
  },
  {
    "key": "jaws languid regolith breeding",
    "value": 246
  },
  {
    "key": "coaxial atrophy gink dozen",
    "value": 504
  },
  {
    "key": "variole amperage unbolt nous",
    "value": 380
  },
  {
    "key": "spencer towering totter auger",
    "value": 337
  },
  {
    "key": "aspire shouldst superman lame",
    "value": 582
  },
  {
    "key": "steinbok chestnut bummer formless",
    "value": 101
  },
  {
    "key": "archery dough protist buffalo",
    "value": 21
  },
  {
    "key": "macaque holder project socle",
    "value": 504
  },
  {
    "key": "pantile pitfall clothing tandem",
    "value": 451
  },
  {
    "key": "butchery mood mullah host",
    "value": 504
  },
  {
    "key": "misfire brachial cheese maker",
    "value": 503
  },
  {
    "key": "overlive fading comber chilli",
    "value": 12
  },
  {
    "key": "slinky downcome carcass horal",
    "value": 503
  },
  {
    "key": "eastern suggest extender acrylic",
    "value": 525
  },
  {
    "key": "referred paisley queenly aspect",
    "value": 1466
  },
  {
    "key": "finesse brindle comfort kick",
    "value": 721
  },
  {
    "key": "waif challis brevity pervious",
    "value": 30
  },
  {
    "key": "walking carding triaxial epiphany",
    "value": 1020
  },
  {
    "key": "urushiol flathead fissile cellule",
    "value": 498
  },
  {
    "key": "hoof spaetzle conto creodont",
    "value": 15
  },
  {
    "key": "wheaten gleam numerary jinni",
    "value": 2
  },
  {
    "key": "artistry rowing unific anisole",
    "value": 88
  },
  {
    "key": "absorbed feller settee aroma",
    "value": 755
  },
  {
    "key": "rally oldwife ossified cracker",
    "value": 88
  },
  {
    "key": "patentee fourteen savoy snapback",
    "value": 532
  },
  {
    "key": "tache jazzy decare compound",
    "value": 369
  },
  {
    "key": "goiter silicon maximal finding",
    "value": 337
  },
  {
    "key": "outhouse doughy synodic miles",
    "value": 669
  },
  {
    "key": "gemsbok debutant tell kike",
    "value": 637
  },
  {
    "key": "howdy cobwebby neritic sulphur",
    "value": 343
  },
  {
    "key": "ablation colorado dormouse ligure",
    "value": 58
  },
  {
    "key": "stoup fakir sociable lotus",
    "value": 105
  },
  {
    "key": "cohere protract defender obelize",
    "value": 102
  },
  {
    "key": "exegete aspirin wrongly nocuous",
    "value": 66
  },
  {
    "key": "dashing axolotl banshee edgy",
    "value": 513
  },
  {
    "key": "envisage exemplum leftward crumble",
    "value": 40
  }
]
